Image,Down Syndrome
./downs_negative/Aaron_Eckhart_0001.jpg,Negative
./downs_negative/Aaron_Guiel_0001.jpg,Negative
./downs_negative/Aaron_Patterson_0001.jpg,Negative
./downs_negative/Aaron_Peirsol_0001.jpg,Negative
./downs_negative/Aaron_Peirsol_0002.jpg,Negative
./downs_negative/Aaron_Peirsol_0003.jpg,Negative
./downs_negative/Aaron_Peirsol_0004.jpg,Negative
./downs_negative/Aaron_Pena_0001.jpg,Negative
./downs_negative/Aaron_Sorkin_0001.jpg,Negative
./downs_negative/Aaron_Sorkin_0002.jpg,Negative
./downs_negative/Aaron_Tippin_0001.jpg,Negative
./downs_negative/Abbas_Kiarostami_0001.jpg,Negative
./downs_negative/Abba_Eban_0001.jpg,Negative
./downs_negative/Abdel_Madi_Shabneh_0001.jpg,Negative
./downs_negative/Abdel_Nasser_Assidi_0001.jpg,Negative
./downs_negative/Abdel_Nasser_Assidi_0002.jpg,Negative
./downs_negative/Abdoulaye_Wade_0001.jpg,Negative
./downs_negative/Abdoulaye_Wade_0002.jpg,Negative
./downs_negative/Abdoulaye_Wade_0003.jpg,Negative
./downs_negative/Abdoulaye_Wade_0004.jpg,Negative
./downs_negative/Abdulaziz_Kamilov_0001.jpg,Negative
./downs_negative/Abdullah_0001.jpg,Negative
./downs_negative/Abdullah_0002.jpg,Negative
./downs_negative/Abdullah_0003.jpg,Negative
./downs_negative/Abdullah_0004.jpg,Negative
./downs_negative/Abdullah_Ahmad_Badawi_0001.jpg,Negative
./downs_negative/Abdullah_al-Attiyah_0001.jpg,Negative
./downs_negative/Abdullah_al-Attiyah_0002.jpg,Negative
./downs_negative/Abdullah_al-Attiyah_0003.jpg,Negative
./downs_negative/Abdullah_Gul_0001.jpg,Negative
./downs_negative/Abdullah_Gul_0002.jpg,Negative
./downs_negative/Abdullah_Gul_0003.jpg,Negative
./downs_negative/Abdullah_Gul_0004.jpg,Negative
./downs_negative/Abdullah_Gul_0005.jpg,Negative
./downs_negative/Abdullah_Gul_0006.jpg,Negative
./downs_negative/Abdullah_Gul_0007.jpg,Negative
./downs_negative/Abdullah_Gul_0008.jpg,Negative
./downs_negative/Abdullah_Gul_0009.jpg,Negative
./downs_negative/Abdullah_Gul_0010.jpg,Negative
./downs_negative/Abdullah_Gul_0011.jpg,Negative
./downs_negative/Abdullah_Gul_0012.jpg,Negative
./downs_negative/Abdullah_Gul_0013.jpg,Negative
./downs_negative/Abdullah_Gul_0014.jpg,Negative
./downs_negative/Abdullah_Gul_0015.jpg,Negative
./downs_negative/Abdullah_Gul_0016.jpg,Negative
./downs_negative/Abdullah_Gul_0017.jpg,Negative
./downs_negative/Abdullah_Gul_0018.jpg,Negative
./downs_negative/Abdullah_Gul_0019.jpg,Negative
./downs_negative/Abdullah_Nasseef_0001.jpg,Negative
./downs_negative/Abdullatif_Sener_0001.jpg,Negative
./downs_negative/Abdullatif_Sener_0002.jpg,Negative
./downs_negative/Abel_Aguilar_0001.jpg,Negative
./downs_negative/Abel_Pacheco_0001.jpg,Negative
./downs_negative/Abel_Pacheco_0002.jpg,Negative
./downs_negative/Abel_Pacheco_0003.jpg,Negative
./downs_negative/Abel_Pacheco_0004.jpg,Negative
./downs_negative/Abid_Hamid_Mahmud_Al-Tikriti_0001.jpg,Negative
./downs_negative/Abner_Martinez_0001.jpg,Negative
./downs_negative/Aby_Har-Even_0001.jpg,Negative
./downs_negative/Adam_Herbert_0001.jpg,Negative
./downs_negative/Adam_Rich_0001.jpg,Negative
./downs_negative/Adam_Sandler_0001.jpg,Negative
./downs_negative/Adam_Sandler_0002.jpg,Negative
./downs_negative/Adam_Sandler_0003.jpg,Negative
./downs_negative/Adam_Sandler_0004.jpg,Negative
./downs_negative/Adam_Scott_0002.jpg,Negative
./downs_negative/Adriana_Perez_Navarro_0001.jpg,Negative
./downs_negative/Ahmed_Ghazi_0001.jpg,Negative
./downs_negative/Aicha_El_Ouafi_0001.jpg,Negative
./downs_negative/Aicha_El_Ouafi_0002.jpg,Negative
./downs_negative/Aicha_El_Ouafi_0003.jpg,Negative
./downs_negative/AJ_Cook_0001.jpg,Negative
./downs_negative/Alan_Dershowitz_0001.jpg,Negative
./downs_negative/Alan_Zemaitis_0001.jpg,Negative
./downs_negative/Alejandro_Lembo_0001.jpg,Negative
./downs_negative/Angela_Lansbury_0001.jpg,Negative
./downs_negative/Angela_Lansbury_0002.jpg,Negative
./downs_negative/Anibal_Ibarra_0001.jpg,Negative
./downs_negative/Anibal_Ibarra_0002.jpg,Negative
./downs_negative/Anibal_Ibarra_0003.jpg,Negative
./downs_negative/Anthony_Scott_Miller_0001.jpg,Negative
./downs_negative/Arnaud_Clement_0001.jpg,Negative
./downs_negative/Arnaud_Clement_0002.jpg,Negative
./downs_negative/Atal_Bihari_Vajpayee_0001.jpg,Negative
./downs_negative/Atal_Bihari_Vajpayee_0002.jpg,Negative
./downs_negative/Atal_Bihari_Vajpayee_0003.jpg,Negative
./downs_negative/Atal_Bihari_Vajpayee_0004.jpg,Negative
./downs_negative/Atal_Bihari_Vajpayee_0005.jpg,Negative
./downs_negative/Atal_Bihari_Vajpayee_0006.jpg,Negative
./downs_negative/Atal_Bihari_Vajpayee_0007.jpg,Negative
./downs_negative/Atal_Bihari_Vajpayee_0008.jpg,Negative
./downs_negative/Atal_Bihari_Vajpayee_0009.jpg,Negative
./downs_negative/Atal_Bihari_Vajpayee_0010.jpg,Negative
./downs_negative/Atal_Bihari_Vajpayee_0011.jpg,Negative
./downs_negative/Atal_Bihari_Vajpayee_0012.jpg,Negative
./downs_negative/Atal_Bihari_Vajpayee_0013.jpg,Negative
./downs_negative/Atal_Bihari_Vajpayee_0014.jpg,Negative
./downs_negative/Atal_Bihari_Vajpayee_0015.jpg,Negative
./downs_negative/Atal_Bihari_Vajpayee_0016.jpg,Negative
./downs_negative/Atal_Bihari_Vajpayee_0017.jpg,Negative
./downs_negative/Atal_Bihari_Vajpayee_0018.jpg,Negative
./downs_negative/Atal_Bihari_Vajpayee_0019.jpg,Negative
./downs_negative/Atal_Bihari_Vajpayee_0020.jpg,Negative
./downs_negative/Atal_Bihari_Vajpayee_0021.jpg,Negative
./downs_negative/Atal_Bihari_Vajpayee_0022.jpg,Negative
./downs_negative/Atal_Bihari_Vajpayee_0023.jpg,Negative
./downs_negative/Atal_Bihari_Vajpayee_0024.jpg,Negative
./downs_negative/Aung_San_Suu_Kyi_0001.jpg,Negative
./downs_negative/Aung_San_Suu_Kyi_0002.jpg,Negative
./downs_negative/Barbara_Bach_0001.jpg,Negative
./downs_negative/Beatrice_Dalle_0001.jpg,Negative
./downs_negative/Bill_Gates_0001.jpg,Negative
./downs_negative/Bill_Gates_0002.jpg,Negative
./downs_negative/Bill_Gates_0003.jpg,Negative
./downs_negative/Bill_Gates_0004.jpg,Negative
./downs_negative/Bill_Gates_0005.jpg,Negative
./downs_negative/Bill_Gates_0006.jpg,Negative
./downs_negative/Bill_Gates_0007.jpg,Negative
./downs_negative/Bill_Gates_0008.jpg,Negative
./downs_negative/Bill_Gates_0009.jpg,Negative
./downs_negative/Bill_Gates_0010.jpg,Negative
./downs_negative/Bill_Gates_0011.jpg,Negative
./downs_negative/Bill_Gates_0012.jpg,Negative
./downs_negative/Bill_Gates_0013.jpg,Negative
./downs_negative/Bill_Gates_0014.jpg,Negative
./downs_negative/Bill_Gates_0015.jpg,Negative
./downs_negative/Bill_Gates_0016.jpg,Negative
./downs_negative/Bill_Gates_0017.jpg,Negative
./downs_negative/Casey_Crowder_0001.jpg,Negative
./downs_negative/Catriona_Le_May_Doan_0001.jpg,Negative
./downs_negative/Celia_Cruz_0001.jpg,Negative
./downs_negative/Charla_Moye_0001.jpg,Negative
./downs_negative/Charles_Taylor_0001.jpg,Negative
./downs_negative/Charles_Taylor_0002.jpg,Negative
./downs_negative/Charles_Taylor_0003.jpg,Negative
./downs_negative/Charles_Taylor_0004.jpg,Negative
./downs_negative/Charles_Taylor_0005.jpg,Negative
./downs_negative/Charles_Taylor_0006.jpg,Negative
./downs_negative/Charles_Taylor_0007.jpg,Negative
./downs_negative/Charles_Taylor_0008.jpg,Negative
./downs_negative/Charles_Taylor_0009.jpg,Negative
./downs_negative/Cha_Yung-gu_0001.jpg,Negative
./downs_negative/Chen_Shui-bian_0001.jpg,Negative
./downs_negative/Chen_Shui-bian_0002.jpg,Negative
./downs_negative/Chen_Shui-bian_0003.jpg,Negative
./downs_negative/Chen_Shui-bian_0004.jpg,Negative
./downs_negative/Chen_Shui-bian_0005.jpg,Negative
./downs_negative/Choi_Sung-hong_0001.jpg,Negative
./downs_negative/Choi_Sung-hong_0002.jpg,Negative
./downs_negative/Choi_Sung-hong_0003.jpg,Negative
./downs_negative/Choi_Sung-hong_0004.jpg,Negative
./downs_negative/Choi_Sung-hong_0005.jpg,Negative
./downs_negative/Christian_Olsson_0001.jpg,Negative
./downs_negative/Chris_Cooper_0001.jpg,Negative
./downs_negative/Chris_Cooper_0002.jpg,Negative
./downs_negative/Cristina_Kirchner_0001.jpg,Negative
./downs_negative/Cynthia_Rowley_0001.jpg,Negative
./downs_negative/Dalai_Lama_0001.jpg,Negative
./downs_negative/Dalai_Lama_0002.jpg,Negative
./downs_negative/Dale_Earnhardt_Jr_0001.jpg,Negative
./downs_negative/Dale_Earnhardt_Jr_0002.jpg,Negative
./downs_negative/Dale_Earnhardt_Jr_0003.jpg,Negative
./downs_negative/Dale_Earnhardt_Jr_0004.jpg,Negative
./downs_negative/Damon_Dash_0001.jpg,Negative
./downs_negative/Derek_Parra_0001.jpg,Negative
./downs_negative/Diana_Ross_0001.jpg,Negative
./downs_negative/Dimitar_Berbatov_0001.jpg,Negative
./downs_negative/Dino_Risi_0001.jpg,Negative
./downs_negative/Dionigi_Tettamanzi_0001.jpg,Negative
./downs_negative/Doc_Rivers_0001.jpg,Negative
./downs_negative/Dominique_Perben_0001.jpg,Negative
./downs_negative/Donald_Trump_0001.jpg,Negative
./downs_negative/Don_Carcieri_0001.jpg,Negative
./downs_negative/Don_Siegelman_0001.jpg,Negative
./downs_negative/Don_Siegelman_0002.jpg,Negative
./downs_negative/Don_Siegelman_0003.jpg,Negative
./downs_negative/Don_Siegelman_0004.jpg,Negative
./downs_negative/Dunn_Lampton_0001.jpg,Negative
./downs_negative/Efrain_Rios_Montt_0001.jpg,Negative
./downs_negative/Eminem_0001.jpg,Negative
./downs_negative/Flor_Montulo_0001.jpg,Negative
./downs_negative/Flor_Montulo_0002.jpg,Negative
./downs_negative/Gabriella_Bo_0001.jpg,Negative
./downs_negative/Garth_Drabinsky_0001.jpg,Negative
./downs_negative/Grady_Irvin_Jr_0001.jpg,Negative
./downs_negative/Grady_Irvin_Jr_0002.jpg,Negative
./downs_negative/Imad_Moustapha_0001.jpg,Negative
./downs_negative/Imad_Moustapha_0002.jpg,Negative
./downs_negative/Inam-ul-Haq_0001.jpg,Negative
./downs_negative/Inam-ul-Haq_0002.jpg,Negative
./downs_negative/Irina_Yatchenko_0001.jpg,Negative
./downs_negative/Ismail_Merchant_0001.jpg,Negative
./downs_negative/Ismail_Merchant_0002.jpg,Negative
./downs_negative/Javier_Bardem_0001.jpg,Negative
./downs_negative/Jerry_Seinfeld_0001.jpg,Negative
./downs_negative/Jessica_Simpson_0001.jpg,Negative
./downs_negative/Jim_Hardin_0001.jpg,Negative
./downs_negative/John_Dallager_0001.jpg,Negative
./downs_negative/John_Fenn_0001.jpg,Negative
./downs_negative/John_F_Kennedy_Jr_0001.jpg,Negative
./downs_negative/John_F_Kennedy_Jr_0002.jpg,Negative
./downs_negative/John_Kerr_0001.jpg,Negative
./downs_negative/John_McKay_0001.jpg,Negative
./downs_negative/Narendra_Modi_0001.jpg,Negative
./downs_negative/Nastassia_Kinski_0001.jpg,Negative
./downs_negative/Nastassia_Kinski_0002.jpg,Negative
./downs_negative/Natalia_Dmitrieva_0001.jpg,Negative
./downs_negative/Natasha_McElhone_0001.jpg,Negative
./downs_negative/Natasha_McElhone_0002.jpg,Negative
./downs_negative/Natasha_McElhone_0003.jpg,Negative
./downs_negative/Neil_Goldman_0001.jpg,Negative
./downs_negative/Ozzie_Smith_0001.jpg,Negative
./downs_negative/Paddy_Long_0001.jpg,Negative
./downs_negative/Patrick_Roy_0002.jpg,Negative
./downs_negative/Patrick_Stewart_0001.jpg,Negative
./downs_negative/Patrick_Stewart_0002.jpg,Negative
./downs_negative/Patti_Labelle_0001.jpg,Negative
./downs_negative/Patti_Labelle_0002.jpg,Negative
./downs_negative/Patti_Labelle_0003.jpg,Negative
./downs_negative/Paula_Abdul_0001.jpg,Negative
./downs_negative/Paul_Bettany_0001.jpg,Negative
./downs_negative/Paul_Byrd_0001.jpg,Negative
./downs_negative/Paul_Byrd_0002.jpg,Negative
./downs_negative/Paul_Cerjan_0001.jpg,Negative
./downs_negative/Paul_Henderson_0001.jpg,Negative
./downs_negative/Paul_Lockhart_0001.jpg,Negative
./downs_negative/Paul_Schrader_0001.jpg,Negative
./downs_negative/Pedro_Alvarez_0001.jpg,Negative
./downs_negative/Pele_0001.jpg,Negative
./downs_negative/Prem_Kumar_Nair_0001.jpg,Negative
./downs_negative/Prince_Harry_0001.jpg,Negative
./downs_negative/Prince_Harry_0002.jpg,Negative
./downs_negative/Prince_Harry_0003.jpg,Negative
./downs_negative/Scott_Ritter_0001.jpg,Negative
./downs_negative/Scott_Ritter_0002.jpg,Negative
./downs_negative/Theo_Epstein_0001.jpg,Negative
./downs_negative/Theo_Epstein_0002.jpg,Negative
./downs_negative/Thierry_Falise_0001.jpg,Negative
./downs_negative/Thierry_Falise_0002.jpg,Negative
./downs_negative/Thierry_Falise_0003.jpg,Negative
./downs_negative/Thomas_Bjorn_0001.jpg,Negative
./downs_negative/Thomas_Bjorn_0002.jpg,Negative
./downs_negative/Thomas_Enqvist_0001.jpg,Negative
./downs_negative/Tim_Curry_0001.jpg,Negative
./downs_negative/Tim_Curry_0002.jpg,Negative
./downs_negative/Tina_Brown_0001.jpg,Negative
./downs_negative/TJ_Ford_0001.jpg,Negative
./downs_negative/Todd_Reid_0001.jpg,Negative
./downs_negative/Tommy_Robredo_0001.jpg,Negative
./downs_negative/Tommy_Robredo_0002.jpg,Negative
./downs_negative/Tommy_Robredo_0003.jpg,Negative
./downs_negative/Tomomi_Morita_0001.jpg,Negative
./downs_negative/Tom_Christerson_0001.jpg,Negative
./downs_negative/Tom_Craddick_0001.jpg,Negative
./downs_negative/Tom_Craddick_0002.jpg,Negative
./downs_negative/Tom_Craddick_0003.jpg,Negative
./downs_negative/Tom_Craddick_0004.jpg,Negative
./downs_negative/Tom_Jones_0001.jpg,Negative
./downs_negative/Tom_Jones_0002.jpg,Negative
./downs_negative/Tom_Poston_0001.jpg,Negative
./downs_negative/Tony_Elias_0001.jpg,Negative
./downs_negative/Tony_Parker_0001.jpg,Negative
./downs_negative/Tony_Parker_0002.jpg,Negative
./downs_negative/Travis_Rudolph_0001.jpg,Negative
./downs_negative/Troy_Jenkins_0001.jpg,Negative
./downs_negative/Urmila_Matondkar_0001.jpg,Negative
./downs_negative/Victor_Kraatz_0001.jpg,Negative
./downs_negative/Vincent_Gallo_0001.jpg,Negative
./downs_negative/Vincent_Gallo_0002.jpg,Negative
./downs_negative/Vincent_Gallo_0003.jpg,Negative
./downs_negative/Vince_Gill_0001.jpg,Negative
./downs_negative/Vince_Gill_0002.jpg,Negative
./downs_negative/Vin_Diesel_0001.jpg,Negative
./downs_negative/Vin_Diesel_0002.jpg,Negative
./downs_negative/Vladimir_Putin_0001.jpg,Negative
./downs_negative/Vladimir_Putin_0002.jpg,Negative
./downs_negative/Vladimir_Putin_0003.jpg,Negative
./downs_negative/Vladimir_Putin_0004.jpg,Negative
./downs_negative/Vladimir_Putin_0005.jpg,Negative
./downs_negative/Vladimir_Putin_0006.jpg,Negative
./downs_negative/Vladimir_Putin_0007.jpg,Negative
./downs_negative/Vladimir_Putin_0008.jpg,Negative
./downs_negative/Vladimir_Putin_0009.jpg,Negative
./downs_negative/Vladimir_Putin_0010.jpg,Negative
./downs_negative/Vladimir_Putin_0011.jpg,Negative
./downs_negative/Vladimir_Putin_0012.jpg,Negative
./downs_negative/Vladimir_Putin_0013.jpg,Negative
./downs_negative/Vladimir_Putin_0014.jpg,Negative
./downs_negative/Vladimir_Putin_0015.jpg,Negative
./downs_negative/Vladimir_Putin_0016.jpg,Negative
./downs_negative/Vladimir_Putin_0017.jpg,Negative
./downs_negative/Vladimir_Putin_0018.jpg,Negative
./downs_negative/Vladimir_Putin_0019.jpg,Negative
./downs_negative/Vladimir_Putin_0020.jpg,Negative
./downs_negative/Vladimir_Putin_0021.jpg,Negative
./downs_negative/Vladimir_Putin_0022.jpg,Negative
./downs_negative/Vladimir_Putin_0023.jpg,Negative
./downs_negative/Vladimir_Putin_0024.jpg,Negative
./downs_negative/Vladimir_Putin_0025.jpg,Negative
./downs_negative/Vladimir_Putin_0026.jpg,Negative
./downs_negative/Vladimir_Putin_0027.jpg,Negative
./downs_negative/Vladimir_Putin_0028.jpg,Negative
./downs_negative/Vladimir_Putin_0029.jpg,Negative
./downs_negative/Vladimir_Putin_0030.jpg,Negative
./downs_negative/Vladimir_Putin_0031.jpg,Negative
./downs_negative/Vladimir_Putin_0032.jpg,Negative
./downs_negative/Vladimir_Putin_0033.jpg,Negative
./downs_negative/Vladimir_Putin_0034.jpg,Negative
./downs_negative/Vladimir_Putin_0035.jpg,Negative
./downs_negative/Vladimir_Putin_0036.jpg,Negative
./downs_negative/Vladimir_Putin_0037.jpg,Negative
./downs_negative/Vladimir_Putin_0038.jpg,Negative
./downs_negative/Vladimir_Putin_0039.jpg,Negative
./downs_negative/Vladimir_Putin_0040.jpg,Negative
./downs_negative/Vladimir_Putin_0041.jpg,Negative
./downs_negative/Vladimir_Putin_0042.jpg,Negative
./downs_negative/Vladimir_Putin_0043.jpg,Negative
./downs_negative/Vladimir_Putin_0044.jpg,Negative
./downs_negative/Vladimir_Putin_0045.jpg,Negative
./downs_negative/Vladimir_Putin_0046.jpg,Negative
./downs_negative/Vladimir_Putin_0047.jpg,Negative
./downs_negative/Vladimir_Putin_0048.jpg,Negative
./downs_negative/Vladimir_Putin_0049.jpg,Negative
./downs_negative/Wang_Hailan_0001.jpg,Negative
./downs_negative/Warren_Buffett_0001.jpg,Negative
./downs_negative/Warren_Buffett_0002.jpg,Negative
./downs_negative/Warren_Buffett_0003.jpg,Negative
./downs_negative/Wendy_Kennedy_0001.jpg,Negative
./downs_negative/Wesley_Clark_0001.jpg,Negative
./downs_negative/Wesley_Clark_0002.jpg,Negative
./downs_negative/William_Jackson_0001.jpg,Negative
./downs_negative/Xiang_Liu_0001.jpg,Negative
./downs_negative/Yashwant_Sinha_0001.jpg,Negative
./downs_negative/Yashwant_Sinha_0002.jpg,Negative
./downs_negative/Yashwant_Sinha_0003.jpg,Negative
./downs_negative/Yashwant_Sinha_0004.jpg,Negative
./downs_negative/Yashwant_Sinha_0005.jpg,Negative
./downs_negative/Yashwant_Sinha_0006.jpg,Negative
./downs_negative/Yashwant_Sinha_0007.jpg,Negative
./downs_negative/Yossi_Beilin_0001.jpg,Negative
./downs_negative/Yossi_Beilin_0002.jpg,Negative
./downs_negative/Yusuf_Misbac_0001.jpg,Negative
./downs_negative/Zara_Akhmadova_0001.jpg,Negative
./downs_negative/Zulfiqar_Ahmed_0001.jpg,Negative
./downs_positive/istockphoto-1010208138-612x612.jpg,Positive
./downs_positive/istockphoto-1023212068-612x612.jpg,Positive
./downs_positive/istockphoto-1023212076-612x612.jpg,Positive
./downs_positive/istockphoto-1026618116-612x612.jpg,Positive
./downs_positive/istockphoto-1030562004-612x612.jpg,Positive
./downs_positive/istockphoto-1031617674-612x612.jpg,Positive
./downs_positive/istockphoto-1034987520-612x612.jpg,Positive
./downs_positive/istockphoto-1034987920-612x612.jpg,Positive
./downs_positive/istockphoto-1035172342-612x612.jpg,Positive
./downs_positive/istockphoto-1035801888-612x612.jpg,Positive
./downs_positive/istockphoto-1035803962-612x612.jpg,Positive
./downs_positive/istockphoto-1041367998-612x612.jpg,Positive
./downs_positive/istockphoto-1041368008-612x612.jpg,Positive
./downs_positive/istockphoto-1042580792-612x612.jpg,Positive
./downs_positive/istockphoto-1042581666-612x612.jpg,Positive
./downs_positive/istockphoto-1042584112-612x612.jpg,Positive
./downs_positive/istockphoto-1042585752-612x612.jpg,Positive
./downs_positive/istockphoto-1045414754-612x612.jpg,Positive
./downs_positive/istockphoto-1045414906-612x612.jpg,Positive
./downs_positive/istockphoto-1045420108-612x612.jpg,Positive
./downs_positive/istockphoto-1048138144-612x612.jpg,Positive
./downs_positive/istockphoto-1048265150-612x612.jpg,Positive
./downs_positive/istockphoto-1048926852-612x612.jpg,Positive
./downs_positive/istockphoto-1051198056-612x612.jpg,Positive
./downs_positive/istockphoto-1053058542-612x612.jpg,Positive
./downs_positive/istockphoto-1053210114-612x612.jpg,Positive
./downs_positive/istockphoto-1057113342-612x612.jpg,Positive
./downs_positive/istockphoto-1058906934-612x612.jpg,Positive
./downs_positive/istockphoto-1060636732-612x612.jpg,Positive
./downs_positive/istockphoto-1060636816-612x612.jpg,Positive
./downs_positive/istockphoto-1060636818-612x612.jpg,Positive
./downs_positive/istockphoto-1060636864-612x612.jpg,Positive
./downs_positive/istockphoto-1060637968-612x612.jpg,Positive
./downs_positive/istockphoto-1060637996-612x612.jpg,Positive
./downs_positive/istockphoto-1060638000-612x612.jpg,Positive
./downs_positive/istockphoto-1061664526-612x612.jpg,Positive
./downs_positive/istockphoto-1063638634-612x612.jpg,Positive
./downs_positive/istockphoto-1067314674-612x612.jpg,Positive
./downs_positive/istockphoto-1067750644-612x612.jpg,Positive
./downs_positive/istockphoto-1069720918-612x612.jpg,Positive
./downs_positive/istockphoto-1069931212-612x612.jpg,Positive
./downs_positive/istockphoto-1071097386-612x612.jpg,Positive
./downs_positive/istockphoto-1071101942-612x612.jpg,Positive
./downs_positive/istockphoto-1072349470-612x612.jpg,Positive
./downs_positive/istockphoto-1074019132-612x612.jpg,Positive
./downs_positive/istockphoto-1074834484-612x612.jpg,Positive
./downs_positive/istockphoto-1080426818-612x612.jpg,Positive
./downs_positive/istockphoto-1080426820-612x612.jpg,Positive
./downs_positive/istockphoto-1080426824-612x612.jpg,Positive
./downs_positive/istockphoto-1081127398-612x612.jpg,Positive
./downs_positive/istockphoto-1081686188-612x612.jpg,Positive
./downs_positive/istockphoto-1091767762-612x612.jpg,Positive
./downs_positive/istockphoto-1091793318-612x612.jpg,Positive
./downs_positive/istockphoto-1092188968-612x612.jpg,Positive
./downs_positive/istockphoto-1092195348-612x612.jpg,Positive
./downs_positive/istockphoto-1092196188-612x612.jpg,Positive
./downs_positive/istockphoto-1092196432-612x612.jpg,Positive
./downs_positive/istockphoto-1092204460-612x612.jpg,Positive
./downs_positive/istockphoto-1092408752-612x612.jpg,Positive
./downs_positive/istockphoto-1097978490-612x612.jpg,Positive
./downs_positive/istockphoto-1097981176-612x612.jpg,Positive
./downs_positive/istockphoto-1098386580-612x612.jpg,Positive
./downs_positive/istockphoto-1098421344-612x612.jpg,Positive
./downs_positive/istockphoto-1098423360-612x612.jpg,Positive
./downs_positive/istockphoto-1098423832-612x612.jpg,Positive
./downs_positive/istockphoto-1124267274-612x612.jpg,Positive
./downs_positive/istockphoto-1124548516-612x612.jpg,Positive
./downs_positive/istockphoto-1124702159-612x612.jpg,Positive
./downs_positive/istockphoto-1126688001-612x612.jpg,Positive
./downs_positive/istockphoto-1126688009-612x612.jpg,Positive
./downs_positive/istockphoto-1127601142-612x612.jpg,Positive
./downs_positive/istockphoto-1127601191-612x612.jpg,Positive
./downs_positive/istockphoto-1127601203-612x612.jpg,Positive
./downs_positive/istockphoto-1128671069-612x612.jpg,Positive
./downs_positive/istockphoto-1128756156-612x612.jpg,Positive
./downs_positive/istockphoto-1128796151-612x612.jpg,Positive
./downs_positive/istockphoto-1129959373-612x612.jpg,Positive
./downs_positive/istockphoto-1130254931-612x612.jpg,Positive
./downs_positive/istockphoto-1130729159-612x612.jpg,Positive
./downs_positive/istockphoto-1130971078-612x612.jpg,Positive
./downs_positive/istockphoto-1130971112-612x612.jpg,Positive
./downs_positive/istockphoto-1130971128-612x612.jpg,Positive
./downs_positive/istockphoto-1131039115-612x612.jpg,Positive
./downs_positive/istockphoto-1131136030-612x612.jpg,Positive
./downs_positive/istockphoto-1131151747-612x612.jpg,Positive
./downs_positive/istockphoto-1132731774-612x612.jpg,Positive
./downs_positive/istockphoto-1132731801-612x612 (1).jpg,Positive
./downs_positive/istockphoto-1132731801-612x612.jpg,Positive
./downs_positive/istockphoto-1132754749-612x612.jpg,Positive
./downs_positive/istockphoto-1132754761-612x612.jpg,Positive
./downs_positive/istockphoto-1133151343-612x612.jpg,Positive
./downs_positive/istockphoto-1133151344-612x612.jpg,Positive
./downs_positive/istockphoto-1133151345-612x612.jpg,Positive
./downs_positive/istockphoto-1133152723-612x612.jpg,Positive
./downs_positive/istockphoto-1133153469-612x612.jpg,Positive
./downs_positive/istockphoto-1134022132-612x612.jpg,Positive
./downs_positive/istockphoto-1134029927-612x612.jpg,Positive
./downs_positive/istockphoto-1134253666-612x612.jpg,Positive
./downs_positive/istockphoto-1134255147-612x612.jpg,Positive
./downs_positive/istockphoto-1134338125-612x612.jpg,Positive
./downs_positive/istockphoto-1134344502-612x612.jpg,Positive
./downs_positive/istockphoto-1134458364-612x612.jpg,Positive
./downs_positive/istockphoto-1135075173-612x612.jpg,Positive
./downs_positive/istockphoto-1135076431-612x612.jpg,Positive
./downs_positive/istockphoto-1135086951-612x612.jpg,Positive
./downs_positive/istockphoto-1135089715-612x612.jpg,Positive
./downs_positive/istockphoto-1135091446-612x612.jpg,Positive
./downs_positive/istockphoto-1135467891-612x612.jpg,Positive
./downs_positive/istockphoto-1135467951-612x612.jpg,Positive
./downs_positive/istockphoto-1135470127-612x612.jpg,Positive
./downs_positive/istockphoto-1135510495-612x612.jpg,Positive
./downs_positive/istockphoto-1135513163-612x612.jpg,Positive
./downs_positive/istockphoto-1135637384-612x612.jpg,Positive
./downs_positive/istockphoto-1135809236-612x612.jpg,Positive
./downs_positive/istockphoto-1137089190-612x612.jpg,Positive
./downs_positive/istockphoto-1137089191-612x612.jpg,Positive
./downs_positive/istockphoto-1137387040-612x612.jpg,Positive
./downs_positive/istockphoto-1138154753-612x612.jpg,Positive
./downs_positive/istockphoto-1138226480-612x612.jpg,Positive
./downs_positive/istockphoto-1140883066-612x612.jpg,Positive
./downs_positive/istockphoto-1141652673-612x612.jpg,Positive
./downs_positive/istockphoto-1141652870-612x612.jpg,Positive
./downs_positive/istockphoto-1141653144-612x612.jpg,Positive
./downs_positive/istockphoto-1141653218-612x612.jpg,Positive
./downs_positive/istockphoto-1141653853-612x612.jpg,Positive
./downs_positive/istockphoto-1141655067-612x612.jpg,Positive
./downs_positive/istockphoto-1142186239-612x612.jpg,Positive
./downs_positive/istockphoto-1144372558-612x612.jpg,Positive
./downs_positive/istockphoto-1147575173-612x612 (1).jpg,Positive
./downs_positive/istockphoto-1147575173-612x612.jpg,Positive
./downs_positive/istockphoto-1149036839-612x612.jpg,Positive
./downs_positive/istockphoto-1149037960-612x612.jpg,Positive
./downs_positive/istockphoto-1149274799-612x612.jpg,Positive
./downs_positive/istockphoto-1149274806-612x612.jpg,Positive
./downs_positive/istockphoto-1149277312-612x612.jpg,Positive
./downs_positive/istockphoto-1149277753-612x612.jpg,Positive
./downs_positive/istockphoto-1149278727-612x612.jpg,Positive
./downs_positive/istockphoto-1149278737-612x612.jpg,Positive
./downs_positive/istockphoto-1149278960-612x612.jpg,Positive
./downs_positive/istockphoto-1149279093-612x612.jpg,Positive
./downs_positive/istockphoto-1149279099-612x612.jpg,Positive
./downs_positive/istockphoto-1149279148-612x612.jpg,Positive
./downs_positive/istockphoto-1149280090-612x612.jpg,Positive
./downs_positive/istockphoto-1149280116-612x612.jpg,Positive
./downs_positive/istockphoto-1149280289-612x612.jpg,Positive
./downs_positive/istockphoto-1149280410-612x612.jpg,Positive
./downs_positive/istockphoto-1149280463-612x612.jpg,Positive
./downs_positive/istockphoto-1153552608-612x612.jpg,Positive
./downs_positive/istockphoto-1153708743-612x612.jpg,Positive
./downs_positive/istockphoto-1154714926-612x612.jpg,Positive
./downs_positive/istockphoto-1159075650-612x612.jpg,Positive
./downs_positive/istockphoto-1160580726-612x612.jpg,Positive
./downs_positive/istockphoto-1162977284-612x612.jpg,Positive
./downs_positive/istockphoto-1162977346-612x612.jpg,Positive
./downs_positive/istockphoto-1162978338-612x612.jpg,Positive
./downs_positive/istockphoto-1162978389-612x612.jpg,Positive
./downs_positive/istockphoto-1162978985-612x612.jpg,Positive
./downs_positive/istockphoto-1162985364-612x612.jpg,Positive
./downs_positive/istockphoto-1163242181-612x612.jpg,Positive
./downs_positive/istockphoto-1163992018-612x612.jpg,Positive
./downs_positive/istockphoto-1164648582-612x612.jpg,Positive
./downs_positive/istockphoto-1164648664-612x612.jpg,Positive
./downs_positive/istockphoto-1165345080-612x612.jpg,Positive
./downs_positive/istockphoto-1165345367-612x612.jpg,Positive
./downs_positive/istockphoto-1166829744-612x612.jpg,Positive
./downs_positive/istockphoto-1168247966-612x612.jpg,Positive
./downs_positive/istockphoto-1168248141-612x612.jpg,Positive
./downs_positive/istockphoto-1168467177-612x612.jpg,Positive
./downs_positive/istockphoto-1168467196-612x612.jpg,Positive
./downs_positive/istockphoto-1168469467-612x612.jpg,Positive
./downs_positive/istockphoto-1168470224-612x612.jpg,Positive
./downs_positive/istockphoto-1170503578-612x612.jpg,Positive
./downs_positive/istockphoto-1171922053-612x612.jpg,Positive
./downs_positive/istockphoto-1172190546-612x612.jpg,Positive
./downs_positive/istockphoto-1174390064-612x612.jpg,Positive
./downs_positive/istockphoto-1174657695-612x612.jpg,Positive
./downs_positive/istockphoto-1174658548-612x612.jpg,Positive
./downs_positive/istockphoto-1175028013-612x612.jpg,Positive
./downs_positive/istockphoto-1180049135-612x612.jpg,Positive
./downs_positive/istockphoto-1180415101-612x612.jpg,Positive
./downs_positive/istockphoto-1181279667-612x612.jpg,Positive
./downs_positive/istockphoto-1181659146-612x612.jpg,Positive
./downs_positive/istockphoto-1182041523-612x612.jpg,Positive
./downs_positive/istockphoto-1182264422-612x612.jpg,Positive
./downs_positive/istockphoto-1182438093-612x612.jpg,Positive
./downs_positive/istockphoto-1183349698-612x612.jpg,Positive
./downs_positive/istockphoto-1185240681-612x612.jpg,Positive
./downs_positive/istockphoto-1187226738-612x612.jpg,Positive
./downs_positive/istockphoto-1187488939-612x612.jpg,Positive
./downs_positive/istockphoto-1187691503-612x612.jpg,Positive
./downs_positive/istockphoto-1187717111-612x612.jpg,Positive
./downs_positive/istockphoto-1187717940-612x612.jpg,Positive
./downs_positive/istockphoto-1187820358-612x612.jpg,Positive
./downs_positive/istockphoto-1187821101-612x612.jpg,Positive
./downs_positive/istockphoto-1187822646-612x612.jpg,Positive
./downs_positive/istockphoto-1187839637-612x612.jpg,Positive
./downs_positive/istockphoto-1188443187-612x612.jpg,Positive
./downs_positive/istockphoto-1193039206-612x612.jpg,Positive
./downs_positive/istockphoto-1201405565-612x612.jpg,Positive
./downs_positive/istockphoto-1201471546-612x612.jpg,Positive
./downs_positive/istockphoto-1203187540-612x612.jpg,Positive
./downs_positive/istockphoto-1205076593-612x612.jpg,Positive
./downs_positive/istockphoto-1227481763-612x612.jpg,Positive
./downs_positive/istockphoto-1269318299-612x612.jpg,Positive
./downs_positive/istockphoto-1269318335-612x612.jpg,Positive
./downs_positive/istockphoto-1279679184-612x612.jpg,Positive
./downs_positive/istockphoto-1281747282-612x612.jpg,Positive
./downs_positive/istockphoto-134200845-612x612.jpg,Positive
./downs_positive/istockphoto-134205230-612x612.jpg,Positive
./downs_positive/istockphoto-134205335-612x612.jpg,Positive
./downs_positive/istockphoto-134205371-612x612.jpg,Positive
./downs_positive/istockphoto-136197022-612x612.jpg,Positive
./downs_positive/istockphoto-139511163-612x612.jpg,Positive
./downs_positive/istockphoto-153565192-612x612.jpg,Positive
./downs_positive/istockphoto-156840685-612x612.jpg,Positive
./downs_positive/istockphoto-157565225-612x612.jpg,Positive
./downs_positive/istockphoto-158669677-612x612.jpg,Positive
./downs_positive/istockphoto-160516450-612x612.jpg,Positive
./downs_positive/istockphoto-160892912-612x612.jpg,Positive
./downs_positive/istockphoto-163878828-612x612.jpg,Positive
./downs_positive/istockphoto-163910173-612x612.jpg,Positive
./downs_positive/istockphoto-164193285-612x612.jpg,Positive
./downs_positive/istockphoto-164389197-612x612.jpg,Positive
./downs_positive/istockphoto-166542429-612x612.jpg,Positive
./downs_positive/istockphoto-175724694-612x612.jpg,Positive
./downs_positive/istockphoto-177016374-612x612.jpg,Positive
./downs_positive/istockphoto-177846105-612x612.jpg,Positive
./downs_positive/istockphoto-178418665-612x612.jpg,Positive
./downs_positive/istockphoto-178464612-612x612.jpg,Positive
./downs_positive/istockphoto-178525401-612x612.jpg,Positive
./downs_positive/istockphoto-178792909-612x612.jpg,Positive
./downs_positive/istockphoto-181072496-612x612.jpg,Positive
./downs_positive/istockphoto-181400466-612x612.jpg,Positive
./downs_positive/istockphoto-183841649-612x612.jpg,Positive
./downs_positive/istockphoto-453025289-612x612.jpg,Positive
./downs_positive/istockphoto-453048095-612x612.jpg,Positive
./downs_positive/istockphoto-458710079-612x612.jpg,Positive
./downs_positive/istockphoto-462488993-612x612.jpg,Positive
./downs_positive/istockphoto-464627200-612x612.jpg,Positive
./downs_positive/istockphoto-464940137-612x612.jpg,Positive
./downs_positive/istockphoto-465178071-612x612.jpg,Positive
./downs_positive/istockphoto-465964920-612x612.jpg,Positive
./downs_positive/istockphoto-466125636-612x612.jpg,Positive
./downs_positive/istockphoto-467410133-612x612.jpg,Positive
./downs_positive/istockphoto-468469005-612x612.jpg,Positive
./downs_positive/istockphoto-468960091-612x612.jpg,Positive
./downs_positive/istockphoto-469999783-612x612.jpg,Positive
./downs_positive/istockphoto-470010079-612x612.jpg,Positive
./downs_positive/istockphoto-470360664-612x612.jpg,Positive
./downs_positive/istockphoto-472821992-612x612.jpg,Positive
./downs_positive/istockphoto-476519769-612x612.jpg,Positive
./downs_positive/istockphoto-476523212-612x612.jpg,Positive
./downs_positive/istockphoto-477939064-612x612.jpg,Positive
./downs_positive/istockphoto-479037855-612x612.jpg,Positive
./downs_positive/istockphoto-482247210-612x612.jpg,Positive
./downs_positive/istockphoto-485671805-612x612.jpg,Positive
./downs_positive/istockphoto-485735689-612x612.jpg,Positive
./downs_positive/istockphoto-486290411-612x612.jpg,Positive
./downs_positive/istockphoto-486920460-612x612.jpg,Positive
./downs_positive/istockphoto-487053261-612x612.jpg,Positive
./downs_positive/istockphoto-489361189-612x612.jpg,Positive
./downs_positive/istockphoto-489361193-612x612.jpg,Positive
./downs_positive/istockphoto-489361195-612x612.jpg,Positive
./downs_positive/istockphoto-493329212-612x612.jpg,Positive
./downs_positive/istockphoto-495599782-612x612.jpg,Positive
./downs_positive/istockphoto-496433516-612x612.jpg,Positive
./downs_positive/istockphoto-498548380-612x612.jpg,Positive
./downs_positive/istockphoto-499677489-612x612.jpg,Positive
./downs_positive/istockphoto-505830054-612x612.jpg,Positive
./downs_positive/istockphoto-507141110-612x612.jpg,Positive
./downs_positive/istockphoto-507141244-612x612.jpg,Positive
./downs_positive/istockphoto-509980515-612x612.jpg,Positive
./downs_positive/istockphoto-509980519-612x612.jpg,Positive
./downs_positive/istockphoto-513043710-612x612.jpg,Positive
./downs_positive/istockphoto-517976728-612x612.jpg,Positive
./downs_positive/istockphoto-519550008-612x612.jpg,Positive
./downs_positive/istockphoto-519872850-612x612.jpg,Positive
./downs_positive/istockphoto-520958387-612x612.jpg,Positive
./downs_positive/istockphoto-530440036-612x612.jpg,Positive
./downs_positive/istockphoto-535297293-612x612.jpg,Positive
./downs_positive/istockphoto-535315919-612x612 (1).jpg,Positive
./downs_positive/istockphoto-535315919-612x612.jpg,Positive
./downs_positive/istockphoto-535401785-612x612.jpg,Positive
./downs_positive/istockphoto-539291675-612x612.jpg,Positive
./downs_positive/istockphoto-540124462-612x612 (1).jpg,Positive
./downs_positive/istockphoto-540124462-612x612.jpg,Positive
./downs_positive/istockphoto-540569950-612x612.jpg,Positive
./downs_positive/istockphoto-541837618-612x612.jpg,Positive
./downs_positive/istockphoto-544355696-612x612.jpg,Positive
./downs_positive/istockphoto-544356894-612x612.jpg,Positive
./downs_positive/istockphoto-544357868-612x612.jpg,Positive
./downs_positive/istockphoto-590273076-612x612.jpg,Positive
./downs_positive/istockphoto-598559958-612x612.jpg,Positive
./downs_positive/istockphoto-598559962-612x612.jpg,Positive
./downs_positive/istockphoto-599248396-612x612.jpg,Positive
./downs_positive/istockphoto-599248800-612x612.jpg,Positive
./downs_positive/istockphoto-610976982-612x612.jpg,Positive
./downs_positive/istockphoto-611900906-612x612.jpg,Positive
./downs_positive/istockphoto-625913070-612x612.jpg,Positive
./downs_positive/istockphoto-626856916-612x612.jpg,Positive
./downs_positive/istockphoto-628318406-612x612.jpg,Positive
./downs_positive/istockphoto-635477616-612x612.jpg,Positive
./downs_positive/istockphoto-636587706-612x612.jpg,Positive
./downs_positive/istockphoto-637726516-612x612.jpg,Positive
./downs_positive/istockphoto-638312104-612x612.jpg,Positive
./downs_positive/istockphoto-638312162-612x612.jpg,Positive
./downs_positive/istockphoto-638833476-612x612.jpg,Positive
./downs_positive/istockphoto-639927062-612x612.jpg,Positive
./downs_positive/istockphoto-639927360-612x612.jpg,Positive
./downs_positive/istockphoto-639927388-612x612.jpg,Positive
./downs_positive/istockphoto-641508488-612x612.jpg,Positive
./downs_positive/istockphoto-641508656-612x612.jpg,Positive
./downs_positive/istockphoto-655529734-612x612.jpg,Positive
./downs_positive/istockphoto-813648450-612x612.jpg,Positive
./downs_positive/istockphoto-833107090-612x612.jpg,Positive
./downs_positive/istockphoto-834806758-612x612.jpg,Positive
./downs_positive/istockphoto-845905308-612x612.jpg,Positive
./downs_positive/istockphoto-847673612-612x612.jpg,Positive
./downs_positive/istockphoto-849934586-612x612.jpg,Positive
./downs_positive/istockphoto-858416024-612x612.jpg,Positive
./downs_positive/istockphoto-858990266-612x612.jpg,Positive
./downs_positive/istockphoto-859395408-612x612.jpg,Positive
./downs_positive/istockphoto-860939482-612x612 (1).jpg,Positive
./downs_positive/istockphoto-860939482-612x612.jpg,Positive
./downs_positive/istockphoto-860939510-612x612.jpg,Positive
./downs_positive/istockphoto-860939704-612x612.jpg,Positive
./downs_positive/istockphoto-860940200-612x612.jpg,Positive
./downs_positive/istockphoto-860943062-612x612.jpg,Positive
./downs_positive/istockphoto-860943134-612x612.jpg,Positive
./downs_positive/istockphoto-860943462-612x612.jpg,Positive
./downs_positive/istockphoto-866452892-612x612 (1).jpg,Positive
./downs_positive/istockphoto-866452892-612x612.jpg,Positive
./downs_positive/istockphoto-870474138-612x612.jpg,Positive
./downs_positive/istockphoto-870475544-612x612.jpg,Positive
./downs_positive/istockphoto-870477270-612x612.jpg,Positive
./downs_positive/istockphoto-870477292-612x612.jpg,Positive
./downs_positive/istockphoto-870477374-612x612.jpg,Positive
./downs_positive/istockphoto-870477482-612x612.jpg,Positive
./downs_positive/istockphoto-891832642-612x612.jpg,Positive
./downs_positive/istockphoto-902889690-612x612.jpg,Positive
./downs_positive/istockphoto-911026370-612x612.jpg,Positive
./downs_positive/istockphoto-911029348-612x612.jpg,Positive
./downs_positive/istockphoto-911030084-612x612.jpg,Positive
./downs_positive/istockphoto-911030326-612x612.jpg,Positive
./downs_positive/istockphoto-911030458-612x612.jpg,Positive
./downs_positive/istockphoto-911625672-612x612.jpg,Positive
./downs_positive/istockphoto-913753120-612x612.jpg,Positive
./downs_positive/istockphoto-915093562-612x612.jpg,Positive
./downs_positive/istockphoto-920503140-612x612.jpg,Positive
./downs_positive/istockphoto-920509004-612x612.jpg,Positive
./downs_positive/istockphoto-920513450-612x612.jpg,Positive
./downs_positive/istockphoto-920666796-612x612.jpg,Positive
./downs_positive/istockphoto-922548608-612x612.jpg,Positive
./downs_positive/istockphoto-929780248-612x612.jpg,Positive
./downs_positive/istockphoto-936304102-612x612.jpg,Positive
./downs_positive/istockphoto-948024222-612x612.jpg,Positive
./downs_positive/istockphoto-949347246-612x612.jpg,Positive
./downs_positive/istockphoto-954956756-612x612.jpg,Positive
./downs_positive/istockphoto-956318250-612x612.jpg,Positive
./downs_positive/istockphoto-956322634-612x612.jpg,Positive
./downs_positive/istockphoto-958867990-612x612.jpg,Positive
./downs_positive/istockphoto-958872678-612x612.jpg,Positive
./downs_positive/istockphoto-958872938-612x612 (1).jpg,Positive
./downs_positive/istockphoto-958872938-612x612.jpg,Positive
./downs_positive/istockphoto-958873578-612x612.jpg,Positive
./downs_positive/istockphoto-958874818-612x612.jpg,Positive
./downs_positive/istockphoto-958875404-612x612.jpg,Positive
./downs_positive/istockphoto-959212660-612x612.jpg,Positive
./downs_positive/istockphoto-959220024-612x612 (1).jpg,Positive
./downs_positive/istockphoto-959220024-612x612.jpg,Positive
./downs_positive/istockphoto-961818656-612x612.jpg,Positive
./downs_positive/istockphoto-985143918-612x612.jpg,Positive
./downs_positive/istockphoto-985328354-612x612.jpg,Positive
./downs_positive/istockphoto-996380100-612x612.jpg,Positive
./downs_positive/istockphoto-999763948-612x612.jpg,Positive
./downs_positive/istockphoto-999763962-612x612.jpg,Positive
